Col Centre Code,Receipt Date,Receipt Number,Receipt Type,PC,Consumer No,Mode,Cheque No,Receipt Amount,Modification
010965012-Medha Sub Division Office Coll.,01-Dec-25,0006810,01,5,196150102474,CASH,------,1570,--------
010965012-Medha Sub Division Office Coll.,01-Dec-25,0006811,01,5,196441915219,CASH,------,980,--------
010965012-Medha Sub Division Office Coll.,01-Dec-25,0006812,01,5,195800083899,CASH,------,400,--------
010965012-Medha Sub Division Office Coll.,01-Dec-25,0006813,05,6,196060000648,CASH,------,870,--------
010965012-Medha Sub Division Office Coll.,01-Dec-25,0006813,01,6,196060000648,CASH,------,3130,--------
010965012-Medha Sub Division Office Coll.,01-Dec-25,0006814,01,5,195481950223,CASH,------,560,--------
010965012-Medha Sub Division Office Coll.,01-Dec-25,0006815,01,5,195480000752,CASH,------,340,--------
010965012-Medha Sub Division Office Coll.,01-Dec-25,0006816,01,5,195291943611,CASH,------,700,--------
010965012-Medha Sub Division Office Coll.,01-Dec-25,0006817,01,5,195800083902,CASH,------,270,--------
010965012-Medha Sub Division Office Coll.,01-Dec-25,0006818,01,5,195800083872,CASH,------,780,--------
010965012-Medha Sub Division Office Coll.,01-Dec-25,0006819,01,6,196710000010,CASH,------,580,--------
010965012-Medha Sub Division Office Coll.,01-Dec-25,0006820,01,5,195801919184,CASH,------,330,--------
010965012-Medha Sub Division Office Coll.,01-Dec-25,0006821,05,5,195200041858,CASH,------,268,--------
010965012-Medha Sub Division Office Coll.,01-Dec-25,0006822,05,8,196111940284,CASH,------,790,--------
010965012-Medha Sub Division Office Coll.,01-Dec-25,0006822,01,8,196111940284,CASH,------,4210,--------
010965012-Medha Sub Division Office Coll.,01-Dec-25,0006823,01,5,195011914361,CASH,------,300,--------
010965012-Medha Sub Division Office Coll.,01-Dec-25,0006824,01,6,195160038425,CASH,------,1000,--------
010965012-Medha Sub Division Office Coll.,01-Dec-25,0006825,01,5,196371952472,CASH,------,1540,--------
010965012-Medha Sub Division Office Coll.,01-Dec-25,0006826,01,5,195012931013,CASH,------,610,--------
010965012-Medha Sub Division Office Coll.,01-Dec-25,0006827,01,5,195291923394,CASH,------,180,--------
010965012-Medha Sub Division Office Coll.,01-Dec-25,0006828,01,5,195290001604,CASH,------,520,--------
010965012-Medha Sub Division Office Coll.,01-Dec-25,0006829,01,5,195011932211,CASH,------,160,--------
010965012-Medha Sub Division Office Coll.,01-Dec-25,0006830,01,5,195010009788,CASH,------,590,--------
010965012-Medha Sub Division Office Coll.,01-Dec-25,0006831,01,5,195531931501,CASH,------,260,--------
010965012-Medha Sub Division Office Coll.,01-Dec-25,0006832,01,5,195010009371,CASH,------,1880,--------
010965012-Medha Sub Division Office Coll.,01-Dec-25,0006833,01,5,195481938771,CASH,------,1290,--------
010965012-Medha Sub Division Office Coll.,01-Dec-25,0006834,01,5,195010001141,CASH,------,400,--------
010965012-Medha Sub Division Office Coll.,01-Dec-25,0006835,01,5,195670000015,CASH,------,1100,--------
010965012-Medha Sub Division Office Coll.,01-Dec-25,0006836,01,5,195480000680,CASH,------,1560,--------
010965012-Medha Sub Division Office Coll.,01-Dec-25,0006837,01,5,196231936051,CASH,------,520,--------
010965012-Medha Sub Division Office Coll.,01-Dec-25,0006838,01,5,195200001376,CASH,------,660,--------
010965012-Medha Sub Division Office Coll.,01-Dec-25,0006839,01,5,195571925023,CASH,------,190,--------
010965012-Medha Sub Division Office Coll.,01-Dec-25,0006840,01,5,195570071047,CASH,------,480,--------
010965012-Medha Sub Division Office Coll.,01-Dec-25,0006841,05,6,196012001977,CASH,------,460,--------
010965012-Medha Sub Division Office Coll.,01-Dec-25,0006841,01,6,196012001977,CASH,------,2540,--------
010965012-Medha Sub Division Office Coll.,01-Dec-25,0006842,01,5,195570071489,CASH,------,180,--------
010965012-Medha Sub Division Office Coll.,01-Dec-25,0006843,01,5,195830001480,CASH,------,390,--------
010965012-Medha Sub Division Office Coll.,01-Dec-25,0006844,01,5,195671948411,CASH,------,2110,--------
010965012-Medha Sub Division Office Coll.,01-Dec-25,0006844,05,5,195671948411,CASH,------,410,--------
010965012-Medha Sub Division Office Coll.,01-Dec-25,0006845,01,5,195620074174,CASH,------,260,--------
010965012-Medha Sub Division Office Coll.,01-Dec-25,0006846,01,5,195621934860,CASH,------,160,--------
010965012-Medha Sub Division Office Coll.,01-Dec-25,0006847,01,6,196710000800,CASH,------,1180,--------
010965012-Medha Sub Division Office Coll.,01-Dec-25,0006848,01,5,196930001637,CASH,------,560,--------
010965012-Medha Sub Division Office Coll.,01-Dec-25,0006849,01,5,195531932515,CASH,------,100,--------
010965012-Medha Sub Division Office Coll.,01-Dec-25,0006850,01,6,196190001701,CASH,------,480,--------
010965012-Medha Sub Division Office Coll.,01-Dec-25,0006851,01,5,196610116673,CASH,------,390,--------
010965012-Medha Sub Division Office Coll.,01-Dec-25,0006852,01,5,196611941635,CASH,------,160,--------
010965012-Medha Sub Division Office Coll.,01-Dec-25,0006853,01,5,195581949451,CASH,------,180,--------
010965012-Medha Sub Division Office Coll.,01-Dec-25,0006854,01,5,195291935171,CASH,------,200,--------
010965012-Medha Sub Division Office Coll.,01-Dec-25,0006855,01,5,195291908123,CASH,------,200,--------
010965012-Medha Sub Division Office Coll.,01-Dec-25,0006856,01,5,196790000996,CASH,------,240,--------
010965012-Medha Sub Division Office Coll.,01-Dec-25,0006857,01,5,196790001011,CASH,------,210,--------
010965012-Medha Sub Division Office Coll.,01-Dec-25,0006858,03,8,195042253761,NEFT,------,3000,--------
010965012-Medha Sub Division Office Coll.,01-Dec-25,0006859,03,8,195042254776,NEFT,------,3000,--------
010965012-Medha Sub Division Office Coll.,01-Dec-25,0006860,03,8,195042254784,NEFT,------,3000,--------
010965012-Medha Sub Division Office Coll.,01-Dec-25,0006861,01,5,195201908511,NEFT,------,5610,--------
010965012-Medha Sub Division Office Coll.,01-Dec-25,0006862,01,5,195200042277,NEFT,------,2350,--------
020965017-Kai Lalsingrao Shinde Gr.Bid.S.S.Pat.Ltd Kudal Br. Kudal,01-Dec-25,0160680,01,8,195490001901,CASH,------,200,--------
020965017-Kai Lalsingrao Shinde Gr.Bid.S.S.Pat.Ltd Kudal Br. Kudal,01-Dec-25,0160681,01,1,196840000798,CASH,------,1490,--------
020965017-Kai Lalsingrao Shinde Gr.Bid.S.S.Pat.Ltd Kudal Br. Kudal,01-Dec-25,0160682,01,1,195870002241,CASH,------,140,--------
020965017-Kai Lalsingrao Shinde Gr.Bid.S.S.Pat.Ltd Kudal Br. Kudal,01-Dec-25,0160683,01,8,195140001118,CASH,------,1140,--------
020965017-Kai Lalsingrao Shinde Gr.Bid.S.S.Pat.Ltd Kudal Br. Kudal,01-Dec-25,0160684,01,8,195491923437,CASH,------,1410,--------
020965017-Kai Lalsingrao Shinde Gr.Bid.S.S.Pat.Ltd Kudal Br. Kudal,01-Dec-25,0160685,01,8,195111949901,CASH,------,1150,--------
020965017-Kai Lalsingrao Shinde Gr.Bid.S.S.Pat.Ltd Kudal Br. Kudal,01-Dec-25,0160686,01,8,195490064881,CASH,------,370,--------
020965017-Kai Lalsingrao Shinde Gr.Bid.S.S.Pat.Ltd Kudal Br. Kudal,01-Dec-25,0160687,01,8,195490064821,CASH,------,500,--------
020965017-Kai Lalsingrao Shinde Gr.Bid.S.S.Pat.Ltd Kudal Br. Kudal,01-Dec-25,0160688,01,8,195490000033,CASH,------,460,--------
020965017-Kai Lalsingrao Shinde Gr.Bid.S.S.Pat.Ltd Kudal Br. Kudal,01-Dec-25,0160689,01,8,195140001525,CASH,------,190,--------
020965017-Kai Lalsingrao Shinde Gr.Bid.S.S.Pat.Ltd Kudal Br. Kudal,01-Dec-25,0160690,01,8,195141929009,CASH,------,220,--------
020965017-Kai Lalsingrao Shinde Gr.Bid.S.S.Pat.Ltd Kudal Br. Kudal,01-Dec-25,0160691,01,8,195140036060,CASH,------,330,--------
020965017-Kai Lalsingrao Shinde Gr.Bid.S.S.Pat.Ltd Kudal Br. Kudal,01-Dec-25,0160692,01,8,195140003013,CASH,------,460,--------
020965017-Kai Lalsingrao Shinde Gr.Bid.S.S.Pat.Ltd Kudal Br. Kudal,01-Dec-25,0160693,01,8,195140003307,CASH,------,430,--------
020965017-Kai Lalsingrao Shinde Gr.Bid.S.S.Pat.Ltd Kudal Br. Kudal,01-Dec-25,0160694,01,8,195140035187,CASH,------,230,--------
020965017-Kai Lalsingrao Shinde Gr.Bid.S.S.Pat.Ltd Kudal Br. Kudal,01-Dec-25,0160695,01,8,195041941044,CASH,------,560,--------
020965017-Kai Lalsingrao Shinde Gr.Bid.S.S.Pat.Ltd Kudal Br. Kudal,01-Dec-25,0160696,01,8,195040053404,CASH,------,1490,--------
020965017-Kai Lalsingrao Shinde Gr.Bid.S.S.Pat.Ltd Kudal Br. Kudal,01-Dec-25,0160697,01,8,195040020727,CASH,------,170,--------
020965017-Kai Lalsingrao Shinde Gr.Bid.S.S.Pat.Ltd Kudal Br. Kudal,01-Dec-25,0160698,01,8,195040054052,CASH,------,540,--------
020965017-Kai Lalsingrao Shinde Gr.Bid.S.S.Pat.Ltd Kudal Br. Kudal,01-Dec-25,0160699,01,8,195040054010,CASH,------,800,--------
020965017-Kai Lalsingrao Shinde Gr.Bid.S.S.Pat.Ltd Kudal Br. Kudal,01-Dec-25,0160700,01,8,195040002842,CASH,------,230,--------
020965017-Kai Lalsingrao Shinde Gr.Bid.S.S.Pat.Ltd Kudal Br. Kudal,01-Dec-25,0160701,01,8,195040019478,CASH,------,650,--------
020965017-Kai Lalsingrao Shinde Gr.Bid.S.S.Pat.Ltd Kudal Br. Kudal,01-Dec-25,0160702,01,8,196950129320,CASH,------,520,--------
020965017-Kai Lalsingrao Shinde Gr.Bid.S.S.Pat.Ltd Kudal Br. Kudal,01-Dec-25,0160703,01,8,195051934101,CASH,------,510,--------
020965017-Kai Lalsingrao Shinde Gr.Bid.S.S.Pat.Ltd Kudal Br. Kudal,01-Dec-25,0160704,01,8,195041960685,CASH,------,690,--------
020965017-Kai Lalsingrao Shinde Gr.Bid.S.S.Pat.Ltd Kudal Br. Kudal,01-Dec-25,0160705,01,8,195041952054,CASH,------,320,--------
020965017-Kai Lalsingrao Shinde Gr.Bid.S.S.Pat.Ltd Kudal Br. Kudal,01-Dec-25,0160706,01,8,195041986331,CASH,------,660,--------
020965017-Kai Lalsingrao Shinde Gr.Bid.S.S.Pat.Ltd Kudal Br. Kudal,01-Dec-25,0160707,01,8,195730080161,CASH,------,1490,--------
020965017-Kai Lalsingrao Shinde Gr.Bid.S.S.Pat.Ltd Kudal Br. Kudal,01-Dec-25,0160708,01,8,195040052718,CASH,------,210,--------
020965017-Kai Lalsingrao Shinde Gr.Bid.S.S.Pat.Ltd Kudal Br. Kudal,01-Dec-25,0160709,01,8,195491949142,CASH,------,1200,--------
020965017-Kai Lalsingrao Shinde Gr.Bid.S.S.Pat.Ltd Kudal Br. Kudal,01-Dec-25,0160710,01,8,195041942717,CASH,------,260,--------
020965017-Kai Lalsingrao Shinde Gr.Bid.S.S.Pat.Ltd Kudal Br. Kudal,01-Dec-25,0160711,01,8,195040002869,CASH,------,320,--------
020965017-Kai Lalsingrao Shinde Gr.Bid.S.S.Pat.Ltd Kudal Br. Kudal,01-Dec-25,0160712,01,8,195051925934,CASH,------,580,--------
020965017-Kai Lalsingrao Shinde Gr.Bid.S.S.Pat.Ltd Kudal Br. Kudal,01-Dec-25,0160713,01,8,195041984631,CASH,------,200,--------
020965017-Kai Lalsingrao Shinde Gr.Bid.S.S.Pat.Ltd Kudal Br. Kudal,01-Dec-25,0160714,01,8,195110034267,CASH,------,130,--------
020965017-Kai Lalsingrao Shinde Gr.Bid.S.S.Pat.Ltd Kudal Br. Kudal,01-Dec-25,0160715,01,8,195110034763,CASH,------,490,--------
020965017-Kai Lalsingrao Shinde Gr.Bid.S.S.Pat.Ltd Kudal Br. Kudal,01-Dec-25,0160716,01,8,195110034054,CASH,------,240,--------
020965017-Kai Lalsingrao Shinde Gr.Bid.S.S.Pat.Ltd Kudal Br. Kudal,01-Dec-25,0160717,01,1,195871975596,CASH,------,640,--------
020965017-Kai Lalsingrao Shinde Gr.Bid.S.S.Pat.Ltd Kudal Br. Kudal,01-Dec-25,0160718,01,8,195040003164,CASH,------,560,--------
020965017-Kai Lalsingrao Shinde Gr.Bid.S.S.Pat.Ltd Kudal Br. Kudal,01-Dec-25,0160719,01,8,195040016801,CASH,------,840,--------
020965017-Kai Lalsingrao Shinde Gr.Bid.S.S.Pat.Ltd Kudal Br. Kudal,01-Dec-25,0160720,01,8,195042253346,CASH,------,340,--------
020965017-Kai Lalsingrao Shinde Gr.Bid.S.S.Pat.Ltd Kudal Br. Kudal,01-Dec-25,0160720,25,8,195042253346,CASH,------,130,--------
020965017-Kai Lalsingrao Shinde Gr.Bid.S.S.Pat.Ltd Kudal Br. Kudal,01-Dec-25,0160720,29,8,195042253346,CASH,------,500,--------
020965017-Kai Lalsingrao Shinde Gr.Bid.S.S.Pat.Ltd Kudal Br. Kudal,01-Dec-25,0160720,32,8,195042253346,CASH,------,90,--------
020965017-Kai Lalsingrao Shinde Gr.Bid.S.S.Pat.Ltd Kudal Br. Kudal,01-Dec-25,0160721,01,8,195040018081,CASH,------,620,--------
020965017-Kai Lalsingrao Shinde Gr.Bid.S.S.Pat.Ltd Kudal Br. Kudal,01-Dec-25,0160722,01,8,195051943185,CASH,------,930,--------
020965017-Kai Lalsingrao Shinde Gr.Bid.S.S.Pat.Ltd Kudal Br. Kudal,01-Dec-25,0160723,01,8,195051960608,CASH,------,260,--------
020965017-Kai Lalsingrao Shinde Gr.Bid.S.S.Pat.Ltd Kudal Br. Kudal,01-Dec-25,0160724,01,8,195040003695,CASH,------,420,--------
020965017-Kai Lalsingrao Shinde Gr.Bid.S.S.Pat.Ltd Kudal Br. Kudal,01-Dec-25,0160725,01,8,195040021588,CASH,------,1070,--------
020965017-Kai Lalsingrao Shinde Gr.Bid.S.S.Pat.Ltd Kudal Br. Kudal,01-Dec-25,0160726,01,8,195050024968,CASH,------,190,--------
020965017-Kai Lalsingrao Shinde Gr.Bid.S.S.Pat.Ltd Kudal Br. Kudal,01-Dec-25,0160727,01,8,195040019192,CASH,------,180,--------
020965017-Kai Lalsingrao Shinde Gr.Bid.S.S.Pat.Ltd Kudal Br. Kudal,01-Dec-25,0160728,01,8,195040021812,CASH,------,580,--------
020965017-Kai Lalsingrao Shinde Gr.Bid.S.S.Pat.Ltd Kudal Br. Kudal,01-Dec-25,0160729,01,8,195040000203,CASH,------,160,--------
020965017-Kai Lalsingrao Shinde Gr.Bid.S.S.Pat.Ltd Kudal Br. Kudal,01-Dec-25,0160730,01,8,195111945484,CASH,------,240,--------
020965017-Kai Lalsingrao Shinde Gr.Bid.S.S.Pat.Ltd Kudal Br. Kudal,01-Dec-25,0160731,01,8,195110003604,CASH,------,510,--------
020965017-Kai Lalsingrao Shinde Gr.Bid.S.S.Pat.Ltd Kudal Br. Kudal,01-Dec-25,0160732,01,8,195110034291,CASH,------,260,--------
020965017-Kai Lalsingrao Shinde Gr.Bid.S.S.Pat.Ltd Kudal Br. Kudal,01-Dec-25,0160733,01,8,195491942482,CASH,------,540,--------
020965017-Kai Lalsingrao Shinde Gr.Bid.S.S.Pat.Ltd Kudal Br. Kudal,01-Dec-25,0160734,01,8,195040004063,CASH,------,750,--------
020965017-Kai Lalsingrao Shinde Gr.Bid.S.S.Pat.Ltd Kudal Br. Kudal,01-Dec-25,0160735,01,1,195870090221,CASH,------,580,--------
020965017-Kai Lalsingrao Shinde Gr.Bid.S.S.Pat.Ltd Kudal Br. Kudal,01-Dec-25,0160736,01,8,195490001480,CASH,------,340,--------
020965017-Kai Lalsingrao Shinde Gr.Bid.S.S.Pat.Ltd Kudal Br. Kudal,01-Dec-25,0160737,01,8,195041941516,CASH,------,160,--------
020965017-Kai Lalsingrao Shinde Gr.Bid.S.S.Pat.Ltd Kudal Br. Kudal,01-Dec-25,0160738,01,8,195041941036,CASH,------,790,--------
020965017-Kai Lalsingrao Shinde Gr.Bid.S.S.Pat.Ltd Kudal Br. Kudal,01-Dec-25,0160739,01,8,195041931448,CASH,------,290,--------
020965017-Kai Lalsingrao Shinde Gr.Bid.S.S.Pat.Ltd Kudal Br. Kudal,01-Dec-25,0160740,01,8,195041929796,CASH,------,1220,--------
020965017-Kai Lalsingrao Shinde Gr.Bid.S.S.Pat.Ltd Kudal Br. Kudal,01-Dec-25,0160741,01,8,195041937250,CASH,------,870,--------
020965017-Kai Lalsingrao Shinde Gr.Bid.S.S.Pat.Ltd Kudal Br. Kudal,01-Dec-25,0160742,01,8,195050023473,CASH,------,230,--------
020965017-Kai Lalsingrao Shinde Gr.Bid.S.S.Pat.Ltd Kudal Br. Kudal,01-Dec-25,0160743,01,8,195040002516,CASH,------,530,--------
020965017-Kai Lalsingrao Shinde Gr.Bid.S.S.Pat.Ltd Kudal Br. Kudal,01-Dec-25,0160744,01,8,195041935141,CASH,------,180,--------
020965017-Kai Lalsingrao Shinde Gr.Bid.S.S.Pat.Ltd Kudal Br. Kudal,01-Dec-25,0160745,01,8,195040046076,CASH,------,400,--------
020965017-Kai Lalsingrao Shinde Gr.Bid.S.S.Pat.Ltd Kudal Br. Kudal,01-Dec-25,0160746,01,8,195051947911,CASH,------,730,--------
020965017-Kai Lalsingrao Shinde Gr.Bid.S.S.Pat.Ltd Kudal Br. Kudal,01-Dec-25,0160747,01,8,195050023244,CASH,------,2150,--------
020965017-Kai Lalsingrao Shinde Gr.Bid.S.S.Pat.Ltd Kudal Br. Kudal,01-Dec-25,0160748,01,8,195051952117,CASH,------,130,--------
020965017-Kai Lalsingrao Shinde Gr.Bid.S.S.Pat.Ltd Kudal Br. Kudal,01-Dec-25,0160749,01,8,195041983880,CASH,------,220,--------
020965017-Kai Lalsingrao Shinde Gr.Bid.S.S.Pat.Ltd Kudal Br. Kudal,01-Dec-25,0160750,01,8,195040003741,CASH,------,230,--------
020965017-Kai Lalsingrao Shinde Gr.Bid.S.S.Pat.Ltd Kudal Br. Kudal,01-Dec-25,0160751,01,8,195041938124,CASH,------,320,--------
020965017-Kai Lalsingrao Shinde Gr.Bid.S.S.Pat.Ltd Kudal Br. Kudal,01-Dec-25,0160752,01,8,195040053706,CASH,------,730,--------
020965017-Kai Lalsingrao Shinde Gr.Bid.S.S.Pat.Ltd Kudal Br. Kudal,01-Dec-25,0160753,01,8,195041953263,CASH,------,1390,--------
020965017-Kai Lalsingrao Shinde Gr.Bid.S.S.Pat.Ltd Kudal Br. Kudal,01-Dec-25,0160754,01,1,195871969456,CASH,------,370,--------
020965017-Kai Lalsingrao Shinde Gr.Bid.S.S.Pat.Ltd Kudal Br. Kudal,01-Dec-25,0160755,01,8,195730079929,CASH,------,230,--------
020965017-Kai Lalsingrao Shinde Gr.Bid.S.S.Pat.Ltd Kudal Br. Kudal,01-Dec-25,0160756,01,8,195041928731,CASH,------,1030,--------
020965017-Kai Lalsingrao Shinde Gr.Bid.S.S.Pat.Ltd Kudal Br. Kudal,01-Dec-25,0160757,01,8,195051930725,CASH,------,690,--------
020965017-Kai Lalsingrao Shinde Gr.Bid.S.S.Pat.Ltd Kudal Br. Kudal,01-Dec-25,0160758,01,8,195111925122,CASH,------,350,--------
020965017-Kai Lalsingrao Shinde Gr.Bid.S.S.Pat.Ltd Kudal Br. Kudal,01-Dec-25,0160759,01,8,195111958021,CASH,------,680,--------
020965017-Kai Lalsingrao Shinde Gr.Bid.S.S.Pat.Ltd Kudal Br. Kudal,01-Dec-25,0160760,01,8,195040047021,CASH,------,440,--------
020965017-Kai Lalsingrao Shinde Gr.Bid.S.S.Pat.Ltd Kudal Br. Kudal,01-Dec-25,0160761,01,8,195110022021,CASH,------,230,--------
020965017-Kai Lalsingrao Shinde Gr.Bid.S.S.Pat.Ltd Kudal Br. Kudal,01-Dec-25,0160762,01,1,195870089380,CASH,------,230,--------
020965017-Kai Lalsingrao Shinde Gr.Bid.S.S.Pat.Ltd Kudal Br. Kudal,01-Dec-25,0160763,01,8,195491931316,CASH,------,170,--------
020965017-Kai Lalsingrao Shinde Gr.Bid.S.S.Pat.Ltd Kudal Br. Kudal,01-Dec-25,0160764,01,8,195490002001,CASH,------,480,--------
020965017-Kai Lalsingrao Shinde Gr.Bid.S.S.Pat.Ltd Kudal Br. Kudal,01-Dec-25,0160765,01,8,195050024631,CASH,------,130,--------
020965017-Kai Lalsingrao Shinde Gr.Bid.S.S.Pat.Ltd Kudal Br. Kudal,01-Dec-25,0160766,01,8,195040052955,CASH,------,590,--------
020965017-Kai Lalsingrao Shinde Gr.Bid.S.S.Pat.Ltd Kudal Br. Kudal,01-Dec-25,0160767,01,8,195110001865,CASH,------,230,--------
020965017-Kai Lalsingrao Shinde Gr.Bid.S.S.Pat.Ltd Kudal Br. Kudal,01-Dec-25,0160768,01,8,195110033813,CASH,------,160,--------
020965017-Kai Lalsingrao Shinde Gr.Bid.S.S.Pat.Ltd Kudal Br. Kudal,01-Dec-25,0160769,01,8,195041947662,CASH,------,1420,--------
020965017-Kai Lalsingrao Shinde Gr.Bid.S.S.Pat.Ltd Kudal Br. Kudal,01-Dec-25,0160770,01,8,195040053307,CASH,------,170,--------
020965017-Kai Lalsingrao Shinde Gr.Bid.S.S.Pat.Ltd Kudal Br. Kudal,01-Dec-25,0160771,01,8,195041984061,CASH,------,130,--------
020965017-Kai Lalsingrao Shinde Gr.Bid.S.S.Pat.Ltd Kudal Br. Kudal,01-Dec-25,0160772,01,8,195050001241,CASH,------,740,--------
020965017-Kai Lalsingrao Shinde Gr.Bid.S.S.Pat.Ltd Kudal Br. Kudal,01-Dec-25,0160773,01,8,195041931472,CASH,------,790,--------
020965017-Kai Lalsingrao Shinde Gr.Bid.S.S.Pat.Ltd Kudal Br. Kudal,01-Dec-25,0160774,01,8,195041931227,CASH,------,380,--------
020965017-Kai Lalsingrao Shinde Gr.Bid.S.S.Pat.Ltd Kudal Br. Kudal,01-Dec-25,0160775,01,8,195110033678,CASH,------,420,--------
020965017-Kai Lalsingrao Shinde Gr.Bid.S.S.Pat.Ltd Kudal Br. Kudal,01-Dec-25,0160776,01,8,195260048584,CASH,------,270,--------
020965017-Kai Lalsingrao Shinde Gr.Bid.S.S.Pat.Ltd Kudal Br. Kudal,01-Dec-25,0160777,01,8,195110034461,CASH,------,650,--------
020965017-Kai Lalsingrao Shinde Gr.Bid.S.S.Pat.Ltd Kudal Br. Kudal,01-Dec-25,0160778,01,8,195040052459,CASH,------,550,--------
020965017-Kai Lalsingrao Shinde Gr.Bid.S.S.Pat.Ltd Kudal Br. Kudal,01-Dec-25,0160779,01,8,195211945708,CASH,------,400,--------
020965017-Kai Lalsingrao Shinde Gr.Bid.S.S.Pat.Ltd Kudal Br. Kudal,01-Dec-25,0160780,01,8,195040046017,CASH,------,3160,--------
020965017-Kai Lalsingrao Shinde Gr.Bid.S.S.Pat.Ltd Kudal Br. Kudal,01-Dec-25,0160781,01,8,195111953959,CASH,------,280,--------
020965017-Kai Lalsingrao Shinde Gr.Bid.S.S.Pat.Ltd Kudal Br. Kudal,01-Dec-25,0160782,01,8,195040054028,CASH,------,490,--------
020965017-Kai Lalsingrao Shinde Gr.Bid.S.S.Pat.Ltd Kudal Br. Kudal,01-Dec-25,0160783,01,1,195880001596,CASH,------,710,--------
020965017-Kai Lalsingrao Shinde Gr.Bid.S.S.Pat.Ltd Kudal Br. Kudal,01-Dec-25,0160784,01,8,195040054168,CASH,------,750,--------
020965017-Kai Lalsingrao Shinde Gr.Bid.S.S.Pat.Ltd Kudal Br. Kudal,01-Dec-25,0160785,01,1,195881964665,CASH,------,200,--------
020965017-Kai Lalsingrao Shinde Gr.Bid.S.S.Pat.Ltd Kudal Br. Kudal,01-Dec-25,0160786,01,8,195040021341,CASH,------,680,--------
020965017-Kai Lalsingrao Shinde Gr.Bid.S.S.Pat.Ltd Kudal Br. Kudal,01-Dec-25,0160787,01,8,195040052891,CASH,------,400,--------
020965017-Kai Lalsingrao Shinde Gr.Bid.S.S.Pat.Ltd Kudal Br. Kudal,01-Dec-25,0160788,01,8,195140000685,CASH,------,280,--------
020965017-Kai Lalsingrao Shinde Gr.Bid.S.S.Pat.Ltd Kudal Br. Kudal,01-Dec-25,0160789,01,8,195140002688,CASH,------,600,--------
020965017-Kai Lalsingrao Shinde Gr.Bid.S.S.Pat.Ltd Kudal Br. Kudal,01-Dec-25,0160790,01,8,195041936334,CASH,------,890,--------
020965017-Kai Lalsingrao Shinde Gr.Bid.S.S.Pat.Ltd Kudal Br. Kudal,01-Dec-25,0160791,01,8,195040054222,CASH,------,420,--------
020965017-Kai Lalsingrao Shinde Gr.Bid.S.S.Pat.Ltd Kudal Br. Kudal,01-Dec-25,0160792,01,8,195040019681,CASH,------,590,--------
020965017-Kai Lalsingrao Shinde Gr.Bid.S.S.Pat.Ltd Kudal Br. Kudal,01-Dec-25,0160793,01,8,195041928773,CASH,------,240,--------
020965017-Kai Lalsingrao Shinde Gr.Bid.S.S.Pat.Ltd Kudal Br. Kudal,01-Dec-25,0160794,01,8,195041959199,CASH,------,810,--------
020965017-Kai Lalsingrao Shinde Gr.Bid.S.S.Pat.Ltd Kudal Br. Kudal,01-Dec-25,0160795,01,8,195041941001,CASH,------,860,--------
020965017-Kai Lalsingrao Shinde Gr.Bid.S.S.Pat.Ltd Kudal Br. Kudal,01-Dec-25,0160796,01,8,195261939865,CASH,------,310,--------
020965017-Kai Lalsingrao Shinde Gr.Bid.S.S.Pat.Ltd Kudal Br. Kudal,01-Dec-25,0160797,01,8,195040019494,CASH,------,670,--------
020965017-Kai Lalsingrao Shinde Gr.Bid.S.S.Pat.Ltd Kudal Br. Kudal,01-Dec-25,0160798,01,8,195040003504,CASH,------,340,--------
020965017-Kai Lalsingrao Shinde Gr.Bid.S.S.Pat.Ltd Kudal Br. Kudal,01-Dec-25,0160799,01,8,195140001894,CASH,------,340,--------
020965017-Kai Lalsingrao Shinde Gr.Bid.S.S.Pat.Ltd Kudal Br. Kudal,01-Dec-25,0160800,01,8,195110034640,CASH,------,810,--------
020965017-Kai Lalsingrao Shinde Gr.Bid.S.S.Pat.Ltd Kudal Br. Kudal,01-Dec-25,0160801,01,8,195140003005,CASH,------,550,--------
020965017-Kai Lalsingrao Shinde Gr.Bid.S.S.Pat.Ltd Kudal Br. Kudal,01-Dec-25,0160802,01,8,195042253648,CASH,------,530,--------
020965017-Kai Lalsingrao Shinde Gr.Bid.S.S.Pat.Ltd Kudal Br. Kudal,01-Dec-25,0160803,01,8,195141945233,CASH,------,240,--------
020965017-Kai Lalsingrao Shinde Gr.Bid.S.S.Pat.Ltd Kudal Br. Kudal,01-Dec-25,0160804,01,8,195140000944,CASH,------,510,--------
020965017-Kai Lalsingrao Shinde Gr.Bid.S.S.Pat.Ltd Kudal Br. Kudal,01-Dec-25,0160805,01,8,195140036141,CASH,------,690,--------
020965017-Kai Lalsingrao Shinde Gr.Bid.S.S.Pat.Ltd Kudal Br. Kudal,01-Dec-25,0160806,01,8,195041928650,CASH,------,2020,--------
020965017-Kai Lalsingrao Shinde Gr.Bid.S.S.Pat.Ltd Kudal Br. Kudal,01-Dec-25,0160807,01,8,195041949584,CASH,------,1790,--------
020965017-Kai Lalsingrao Shinde Gr.Bid.S.S.Pat.Ltd Kudal Br. Kudal,01-Dec-25,0160808,01,8,195050002522,CASH,------,810,--------
020965017-Kai Lalsingrao Shinde Gr.Bid.S.S.Pat.Ltd Kudal Br. Kudal,01-Dec-25,0160809,01,8,195050003413,CASH,------,190,--------
020965017-Kai Lalsingrao Shinde Gr.Bid.S.S.Pat.Ltd Kudal Br. Kudal,01-Dec-25,0160810,01,8,196953939357,CASH,------,800,--------
020965017-Kai Lalsingrao Shinde Gr.Bid.S.S.Pat.Ltd Kudal Br. Kudal,01-Dec-25,0160811,01,4,160220247691,CASH,------,2510,--------
020965017-Kai Lalsingrao Shinde Gr.Bid.S.S.Pat.Ltd Kudal Br. Kudal,01-Dec-25,0160812,01,8,195141923400,CASH,------,750,--------
020965017-Kai Lalsingrao Shinde Gr.Bid.S.S.Pat.Ltd Kudal Br. Kudal,01-Dec-25,0160813,01,8,195050001267,CASH,------,390,--------
020965017-Kai Lalsingrao Shinde Gr.Bid.S.S.Pat.Ltd Kudal Br. Kudal,01-Dec-25,0160814,01,8,195041939660,CASH,------,490,--------
020965018-Kai Lalsingrao Shinde Gr.Big.Sheti Sah.Pat.Ltd. Br. Medha,01-Dec-25,0118389,01,5,195011920751,CASH,------,540,--------
020965018-Kai Lalsingrao Shinde Gr.Big.Sheti Sah.Pat.Ltd. Br. Medha,01-Dec-25,0118390,01,5,195320001817,CASH,------,130,--------
020965018-Kai Lalsingrao Shinde Gr.Big.Sheti Sah.Pat.Ltd. Br. Medha,01-Dec-25,0118391,01,5,196791913936,CASH,------,180,--------
020965018-Kai Lalsingrao Shinde Gr.Big.Sheti Sah.Pat.Ltd. Br. Medha,01-Dec-25,0118392,01,5,195461910900,CASH,------,380,--------
020965018-Kai Lalsingrao Shinde Gr.Big.Sheti Sah.Pat.Ltd. Br. Medha,01-Dec-25,0118393,01,5,195011914379,CASH,------,240,--------
020965018-Kai Lalsingrao Shinde Gr.Big.Sheti Sah.Pat.Ltd. Br. Medha,01-Dec-25,0118394,01,5,195011987236,CASH,------,390,--------
020965018-Kai Lalsingrao Shinde Gr.Big.Sheti Sah.Pat.Ltd. Br. Medha,01-Dec-25,0118395,01,5,195291943158,CASH,------,730,--------
020965018-Kai Lalsingrao Shinde Gr.Big.Sheti Sah.Pat.Ltd. Br. Medha,01-Dec-25,0118396,01,5,196631907131,CASH,------,470,--------
020965018-Kai Lalsingrao Shinde Gr.Big.Sheti Sah.Pat.Ltd. Br. Medha,01-Dec-25,0118397,01,5,196630117323,CASH,------,320,--------
020965018-Kai Lalsingrao Shinde Gr.Big.Sheti Sah.Pat.Ltd. Br. Medha,01-Dec-25,0118398,01,5,195790083607,CASH,------,310,--------
020965018-Kai Lalsingrao Shinde Gr.Big.Sheti Sah.Pat.Ltd. Br. Medha,01-Dec-25,0118399,01,5,188420000714,CASH,------,190,--------
020965018-Kai Lalsingrao Shinde Gr.Big.Sheti Sah.Pat.Ltd. Br. Medha,01-Dec-25,0118400,01,5,188420000641,CASH,------,390,--------
020965018-Kai Lalsingrao Shinde Gr.Big.Sheti Sah.Pat.Ltd. Br. Medha,01-Dec-25,0118401,01,6,188300001130,CASH,------,190,--------
020965018-Kai Lalsingrao Shinde Gr.Big.Sheti Sah.Pat.Ltd. Br. Medha,01-Dec-25,0118402,01,6,188300001091,CASH,------,40,--------
020965018-Kai Lalsingrao Shinde Gr.Big.Sheti Sah.Pat.Ltd. Br. Medha,01-Dec-25,0118403,01,5,195500001173,CASH,------,270,--------
020965018-Kai Lalsingrao Shinde Gr.Big.Sheti Sah.Pat.Ltd. Br. Medha,01-Dec-25,0118404,01,5,195010011383,CASH,------,460,--------
020965018-Kai Lalsingrao Shinde Gr.Big.Sheti Sah.Pat.Ltd. Br. Medha,01-Dec-25,0118405,01,5,196620001041,CASH,------,130,--------
020965018-Kai Lalsingrao Shinde Gr.Big.Sheti Sah.Pat.Ltd. Br. Medha,01-Dec-25,0118406,01,5,195012930688,CASH,------,380,--------
020965018-Kai Lalsingrao Shinde Gr.Big.Sheti Sah.Pat.Ltd. Br. Medha,01-Dec-25,0118407,01,5,196421927270,CASH,------,280,--------
020965018-Kai Lalsingrao Shinde Gr.Big.Sheti Sah.Pat.Ltd. Br. Medha,01-Dec-25,0118408,01,5,188421951577,CASH,------,360,--------
020965018-Kai Lalsingrao Shinde Gr.Big.Sheti Sah.Pat.Ltd. Br. Medha,01-Dec-25,0118409,01,5,188411928429,CASH,------,420,--------
020965018-Kai Lalsingrao Shinde Gr.Big.Sheti Sah.Pat.Ltd. Br. Medha,01-Dec-25,0118410,01,6,188302002265,CASH,------,410,--------
020965018-Kai Lalsingrao Shinde Gr.Big.Sheti Sah.Pat.Ltd. Br. Medha,01-Dec-25,0118411,01,8,188671939874,CASH,------,130,--------
020965018-Kai Lalsingrao Shinde Gr.Big.Sheti Sah.Pat.Ltd. Br. Medha,01-Dec-25,0118412,01,5,196621909462,CASH,------,250,--------
020965018-Kai Lalsingrao Shinde Gr.Big.Sheti Sah.Pat.Ltd. Br. Medha,01-Dec-25,0118413,01,5,196620000045,CASH,------,220,--------
020965018-Kai Lalsingrao Shinde Gr.Big.Sheti Sah.Pat.Ltd. Br. Medha,01-Dec-25,0118414,01,5,196231912926,CASH,------,370,--------
020965018-Kai Lalsingrao Shinde Gr.Big.Sheti Sah.Pat.Ltd. Br. Medha,01-Dec-25,0118415,01,5,196230105334,CASH,------,340,--------
020965018-Kai Lalsingrao Shinde Gr.Big.Sheti Sah.Pat.Ltd. Br. Medha,01-Dec-25,0118416,01,5,196231922662,CASH,------,230,--------
020965018-Kai Lalsingrao Shinde Gr.Big.Sheti Sah.Pat.Ltd. Br. Medha,01-Dec-25,0118417,01,8,188670001775,CASH,------,150,--------
020965018-Kai Lalsingrao Shinde Gr.Big.Sheti Sah.Pat.Ltd. Br. Medha,01-Dec-25,0118418,01,5,195471920342,CASH,------,200,--------
020965018-Kai Lalsingrao Shinde Gr.Big.Sheti Sah.Pat.Ltd. Br. Medha,01-Dec-25,0118419,01,5,195010007475,CASH,------,350,--------
020965018-Kai Lalsingrao Shinde Gr.Big.Sheti Sah.Pat.Ltd. Br. Medha,01-Dec-25,0118420,01,5,196800122556,CASH,------,510,--------
020965018-Kai Lalsingrao Shinde Gr.Big.Sheti Sah.Pat.Ltd. Br. Medha,01-Dec-25,0118421,01,5,196800122661,CASH,------,660,--------
020965018-Kai Lalsingrao Shinde Gr.Big.Sheti Sah.Pat.Ltd. Br. Medha,01-Dec-25,0118422,01,5,195321944456,CASH,------,50,--------
020965018-Kai Lalsingrao Shinde Gr.Big.Sheti Sah.Pat.Ltd. Br. Medha,01-Dec-25,0118423,01,5,195010004085,CASH,------,390,--------
020965018-Kai Lalsingrao Shinde Gr.Big.Sheti Sah.Pat.Ltd. Br. Medha,01-Dec-25,0118424,01,5,195011987139,CASH,------,240,--------
020965018-Kai Lalsingrao Shinde Gr.Big.Sheti Sah.Pat.Ltd. Br. Medha,01-Dec-25,0118425,01,5,195530000881,CASH,------,160,--------
020965018-Kai Lalsingrao Shinde Gr.Big.Sheti Sah.Pat.Ltd. Br. Medha,01-Dec-25,0118426,01,5,196910127103,CASH,------,510,--------
020965018-Kai Lalsingrao Shinde Gr.Big.Sheti Sah.Pat.Ltd. Br. Medha,01-Dec-25,0118427,01,1,196250000814,CASH,------,1030,--------
020965018-Kai Lalsingrao Shinde Gr.Big.Sheti Sah.Pat.Ltd. Br. Medha,01-Dec-25,0118427,05,1,196250000814,CASH,------,470,--------
020965018-Kai Lalsingrao Shinde Gr.Big.Sheti Sah.Pat.Ltd. Br. Medha,01-Dec-25,0118428,01,5,196231929349,CASH,------,160,--------
020965018-Kai Lalsingrao Shinde Gr.Big.Sheti Sah.Pat.Ltd. Br. Medha,01-Dec-25,0118429,01,5,196781933700,CASH,------,330,--------
020965018-Kai Lalsingrao Shinde Gr.Big.Sheti Sah.Pat.Ltd. Br. Medha,01-Dec-25,0118430,01,5,196781932193,CASH,------,220,--------
020965018-Kai Lalsingrao Shinde Gr.Big.Sheti Sah.Pat.Ltd. Br. Medha,01-Dec-25,0118431,01,5,196780001331,CASH,------,220,--------
020965018-Kai Lalsingrao Shinde Gr.Big.Sheti Sah.Pat.Ltd. Br. Medha,01-Dec-25,0118432,01,5,195791916009,CASH,------,130,--------
020965018-Kai Lalsingrao Shinde Gr.Big.Sheti Sah.Pat.Ltd. Br. Medha,01-Dec-25,0118433,01,5,195670001046,CASH,------,370,--------
020965018-Kai Lalsingrao Shinde Gr.Big.Sheti Sah.Pat.Ltd. Br. Medha,01-Dec-25,0118434,01,5,195670077026,CASH,------,710,--------
020965018-Kai Lalsingrao Shinde Gr.Big.Sheti Sah.Pat.Ltd. Br. Medha,01-Dec-25,0118435,01,5,196230104907,CASH,------,430,--------
020965018-Kai Lalsingrao Shinde Gr.Big.Sheti Sah.Pat.Ltd. Br. Medha,01-Dec-25,0118436,01,5,195012931722,CASH,------,180,--------
020965018-Kai Lalsingrao Shinde Gr.Big.Sheti Sah.Pat.Ltd. Br. Medha,01-Dec-25,0118437,01,5,195010008731,CASH,------,310,--------
020965018-Kai Lalsingrao Shinde Gr.Big.Sheti Sah.Pat.Ltd. Br. Medha,01-Dec-25,0118438,01,5,195461943735,CASH,------,60,--------
020965018-Kai Lalsingrao Shinde Gr.Big.Sheti Sah.Pat.Ltd. Br. Medha,01-Dec-25,0118439,01,5,195460062042,CASH,------,280,--------
020965018-Kai Lalsingrao Shinde Gr.Big.Sheti Sah.Pat.Ltd. Br. Medha,01-Dec-25,0118440,01,6,196710000851,CASH,------,190,--------
020965018-Kai Lalsingrao Shinde Gr.Big.Sheti Sah.Pat.Ltd. Br. Medha,01-Dec-25,0118441,01,5,195010001671,CASH,------,820,--------
020965018-Kai Lalsingrao Shinde Gr.Big.Sheti Sah.Pat.Ltd. Br. Medha,01-Dec-25,0118442,01,5,195011987554,CASH,------,260,--------
020965018-Kai Lalsingrao Shinde Gr.Big.Sheti Sah.Pat.Ltd. Br. Medha,01-Dec-25,0118443,01,5,195670076828,CASH,------,290,--------
020965018-Kai Lalsingrao Shinde Gr.Big.Sheti Sah.Pat.Ltd. Br. Medha,01-Dec-25,0118444,01,5,195280000839,CASH,------,640,--------
020965018-Kai Lalsingrao Shinde Gr.Big.Sheti Sah.Pat.Ltd. Br. Medha,01-Dec-25,0118445,01,5,195280051026,CASH,------,250,--------
020965018-Kai Lalsingrao Shinde Gr.Big.Sheti Sah.Pat.Ltd. Br. Medha,01-Dec-25,0118446,01,5,196810123003,CASH,------,240,--------
020965018-Kai Lalsingrao Shinde Gr.Big.Sheti Sah.Pat.Ltd. Br. Medha,01-Dec-25,0118447,01,5,195890000873,CASH,------,100,--------
020965018-Kai Lalsingrao Shinde Gr.Big.Sheti Sah.Pat.Ltd. Br. Medha,01-Dec-25,0118448,01,5,195830000629,CASH,------,340,--------
020965018-Kai Lalsingrao Shinde Gr.Big.Sheti Sah.Pat.Ltd. Br. Medha,01-Dec-25,0118449,01,1,195941977176,CASH,------,200,--------
020965018-Kai Lalsingrao Shinde Gr.Big.Sheti Sah.Pat.Ltd. Br. Medha,01-Dec-25,0118450,01,5,196231912951,CASH,------,170,--------
020965018-Kai Lalsingrao Shinde Gr.Big.Sheti Sah.Pat.Ltd. Br. Medha,01-Dec-25,0118451,01,5,195011986655,CASH,------,540,--------
020965018-Kai Lalsingrao Shinde Gr.Big.Sheti Sah.Pat.Ltd. Br. Medha,01-Dec-25,0118452,01,5,195240000640,CASH,------,130,--------
020965018-Kai Lalsingrao Shinde Gr.Big.Sheti Sah.Pat.Ltd. Br. Medha,01-Dec-25,0118453,01,5,188420000633,CASH,------,520,--------
020965018-Kai Lalsingrao Shinde Gr.Big.Sheti Sah.Pat.Ltd. Br. Medha,01-Dec-25,0118454,01,5,195010010751,CASH,------,170,--------
020965018-Kai Lalsingrao Shinde Gr.Big.Sheti Sah.Pat.Ltd. Br. Medha,01-Dec-25,0118455,01,5,195551924187,CASH,------,130,--------
020965018-Kai Lalsingrao Shinde Gr.Big.Sheti Sah.Pat.Ltd. Br. Medha,01-Dec-25,0118456,01,5,195011920433,CASH,------,630,--------
020965018-Kai Lalsingrao Shinde Gr.Big.Sheti Sah.Pat.Ltd. Br. Medha,01-Dec-25,0118457,01,5,195012931625,CASH,------,290,--------
020965018-Kai Lalsingrao Shinde Gr.Big.Sheti Sah.Pat.Ltd. Br. Medha,01-Dec-25,0118458,01,5,196930000029,CASH,------,400,--------
020965018-Kai Lalsingrao Shinde Gr.Big.Sheti Sah.Pat.Ltd. Br. Medha,01-Dec-25,0118459,01,5,196931937628,CASH,------,740,--------
020965018-Kai Lalsingrao Shinde Gr.Big.Sheti Sah.Pat.Ltd. Br. Medha,01-Dec-25,0118460,01,5,196930128394,CASH,------,710,--------
020965018-Kai Lalsingrao Shinde Gr.Big.Sheti Sah.Pat.Ltd. Br. Medha,01-Dec-25,0118461,01,5,196780000688,CASH,------,220,--------
020965018-Kai Lalsingrao Shinde Gr.Big.Sheti Sah.Pat.Ltd. Br. Medha,01-Dec-25,0118462,01,5,196781942971,CASH,------,130,--------
020965018-Kai Lalsingrao Shinde Gr.Big.Sheti Sah.Pat.Ltd. Br. Medha,01-Dec-25,0118463,01,5,188420001524,CASH,------,630,--------
020965018-Kai Lalsingrao Shinde Gr.Big.Sheti Sah.Pat.Ltd. Br. Medha,01-Dec-25,0118464,01,5,196790121947,CASH,------,250,--------
020965018-Kai Lalsingrao Shinde Gr.Big.Sheti Sah.Pat.Ltd. Br. Medha,01-Dec-25,0118465,01,5,195480063479,CASH,------,190,--------
020965018-Kai Lalsingrao Shinde Gr.Big.Sheti Sah.Pat.Ltd. Br. Medha,01-Dec-25,0118466,01,5,195320001141,CASH,------,390,--------
020965018-Kai Lalsingrao Shinde Gr.Big.Sheti Sah.Pat.Ltd. Br. Medha,01-Dec-25,0118467,01,5,195010052209,CASH,------,1410,--------
020965018-Kai Lalsingrao Shinde Gr.Big.Sheti Sah.Pat.Ltd. Br. Medha,01-Dec-25,0118468,01,5,195011920239,CASH,------,1940,--------
020965018-Kai Lalsingrao Shinde Gr.Big.Sheti Sah.Pat.Ltd. Br. Medha,01-Dec-25,0118469,01,5,195011988674,CASH,------,730,--------
020965018-Kai Lalsingrao Shinde Gr.Big.Sheti Sah.Pat.Ltd. Br. Medha,01-Dec-25,0118470,01,5,195012930904,CASH,------,360,--------
020965018-Kai Lalsingrao Shinde Gr.Big.Sheti Sah.Pat.Ltd. Br. Medha,01-Dec-25,0118471,01,5,196931934441,CASH,------,420,--------
020965018-Kai Lalsingrao Shinde Gr.Big.Sheti Sah.Pat.Ltd. Br. Medha,01-Dec-25,0118472,01,5,195780001068,CASH,------,180,--------
020965018-Kai Lalsingrao Shinde Gr.Big.Sheti Sah.Pat.Ltd. Br. Medha,01-Dec-25,0118473,01,5,195780001190,CASH,------,270,--------
020965018-Kai Lalsingrao Shinde Gr.Big.Sheti Sah.Pat.Ltd. Br. Medha,01-Dec-25,0118474,01,5,196790000767,CASH,------,220,--------
020965018-Kai Lalsingrao Shinde Gr.Big.Sheti Sah.Pat.Ltd. Br. Medha,01-Dec-25,0118475,01,5,195010008951,CASH,------,190,--------
020965018-Kai Lalsingrao Shinde Gr.Big.Sheti Sah.Pat.Ltd. Br. Medha,01-Dec-25,0118476,01,5,188420001516,CASH,------,700,--------
020965018-Kai Lalsingrao Shinde Gr.Big.Sheti Sah.Pat.Ltd. Br. Medha,01-Dec-25,0118477,01,5,188420000781,CASH,------,600,--------
020965018-Kai Lalsingrao Shinde Gr.Big.Sheti Sah.Pat.Ltd. Br. Medha,01-Dec-25,0118478,01,5,195670076917,CASH,------,210,--------
020965018-Kai Lalsingrao Shinde Gr.Big.Sheti Sah.Pat.Ltd. Br. Medha,01-Dec-25,0118479,01,5,196231935616,CASH,------,210,--------
020965018-Kai Lalsingrao Shinde Gr.Big.Sheti Sah.Pat.Ltd. Br. Medha,01-Dec-25,0118480,01,5,195690000682,CASH,------,570,--------
020965018-Kai Lalsingrao Shinde Gr.Big.Sheti Sah.Pat.Ltd. Br. Medha,01-Dec-25,0118481,01,5,195460062026,CASH,------,350,--------
020965018-Kai Lalsingrao Shinde Gr.Big.Sheti Sah.Pat.Ltd. Br. Medha,01-Dec-25,0118482,01,8,195261931830,CASH,------,310,--------
020965018-Kai Lalsingrao Shinde Gr.Big.Sheti Sah.Pat.Ltd. Br. Medha,01-Dec-25,0118483,01,5,196931901674,CASH,------,130,--------
020965018-Kai Lalsingrao Shinde Gr.Big.Sheti Sah.Pat.Ltd. Br. Medha,01-Dec-25,0118484,01,5,196910000961,CASH,------,890,--------
020965018-Kai Lalsingrao Shinde Gr.Big.Sheti Sah.Pat.Ltd. Br. Medha,01-Dec-25,0118485,01,1,195940001108,CASH,------,440,--------
020965018-Kai Lalsingrao Shinde Gr.Big.Sheti Sah.Pat.Ltd. Br. Medha,01-Dec-25,0118486,01,5,195240046305,CASH,------,210,--------
020965018-Kai Lalsingrao Shinde Gr.Big.Sheti Sah.Pat.Ltd. Br. Medha,01-Dec-25,0118487,01,5,188410000686,CASH,------,320,--------
020965018-Kai Lalsingrao Shinde Gr.Big.Sheti Sah.Pat.Ltd. Br. Medha,01-Dec-25,0118488,01,5,195011988020,CASH,------,360,--------
020965018-Kai Lalsingrao Shinde Gr.Big.Sheti Sah.Pat.Ltd. Br. Medha,01-Dec-25,0118489,01,5,196040098277,CASH,------,210,--------
020965018-Kai Lalsingrao Shinde Gr.Big.Sheti Sah.Pat.Ltd. Br. Medha,01-Dec-25,0118490,01,5,195740080593,CASH,------,700,--------
020965018-Kai Lalsingrao Shinde Gr.Big.Sheti Sah.Pat.Ltd. Br. Medha,01-Dec-25,0118491,01,5,196230105172,CASH,------,160,--------
020965018-Kai Lalsingrao Shinde Gr.Big.Sheti Sah.Pat.Ltd. Br. Medha,01-Dec-25,0118492,01,5,196231916182,CASH,------,280,--------
020965018-Kai Lalsingrao Shinde Gr.Big.Sheti Sah.Pat.Ltd. Br. Medha,01-Dec-25,0118493,01,5,195011942569,CASH,------,250,--------
020965018-Kai Lalsingrao Shinde Gr.Big.Sheti Sah.Pat.Ltd. Br. Medha,01-Dec-25,0118494,01,8,188670001708,CASH,------,250,--------
020965018-Kai Lalsingrao Shinde Gr.Big.Sheti Sah.Pat.Ltd. Br. Medha,01-Dec-25,0118495,01,5,195012932150,CASH,------,430,--------
020965018-Kai Lalsingrao Shinde Gr.Big.Sheti Sah.Pat.Ltd. Br. Medha,01-Dec-25,0118496,01,5,195012927237,CASH,------,170,--------
020965018-Kai Lalsingrao Shinde Gr.Big.Sheti Sah.Pat.Ltd. Br. Medha,01-Dec-25,0118497,01,1,195940094688,CASH,------,160,--------
020965018-Kai Lalsingrao Shinde Gr.Big.Sheti Sah.Pat.Ltd. Br. Medha,01-Dec-25,0118498,01,5,195560000702,CASH,------,130,--------
020965018-Kai Lalsingrao Shinde Gr.Big.Sheti Sah.Pat.Ltd. Br. Medha,01-Dec-25,0118499,01,5,196230000729,CASH,------,590,--------
020965018-Kai Lalsingrao Shinde Gr.Big.Sheti Sah.Pat.Ltd. Br. Medha,01-Dec-25,0118500,01,5,195620074824,CASH,------,400,--------
020965018-Kai Lalsingrao Shinde Gr.Big.Sheti Sah.Pat.Ltd. Br. Medha,01-Dec-25,0118501,01,5,196811917429,CASH,------,280,--------
020965018-Kai Lalsingrao Shinde Gr.Big.Sheti Sah.Pat.Ltd. Br. Medha,01-Dec-25,0118502,01,1,195940000764,CASH,------,230,--------
020965018-Kai Lalsingrao Shinde Gr.Big.Sheti Sah.Pat.Ltd. Br. Medha,01-Dec-25,0118503,01,5,196810122759,CASH,------,230,--------
020965018-Kai Lalsingrao Shinde Gr.Big.Sheti Sah.Pat.Ltd. Br. Medha,01-Dec-25,0118504,01,5,195501935072,CASH,------,160,--------
020965018-Kai Lalsingrao Shinde Gr.Big.Sheti Sah.Pat.Ltd. Br. Medha,01-Dec-25,0118505,01,5,195620002297,CASH,------,160,--------
020965018-Kai Lalsingrao Shinde Gr.Big.Sheti Sah.Pat.Ltd. Br. Medha,01-Dec-25,0118506,01,5,196811903665,CASH,------,460,--------
020965018-Kai Lalsingrao Shinde Gr.Big.Sheti Sah.Pat.Ltd. Br. Medha,01-Dec-25,0118507,01,5,195281919739,CASH,------,340,--------
020965018-Kai Lalsingrao Shinde Gr.Big.Sheti Sah.Pat.Ltd. Br. Medha,01-Dec-25,0118508,01,5,195681903092,CASH,------,260,--------
020965018-Kai Lalsingrao Shinde Gr.Big.Sheti Sah.Pat.Ltd. Br. Medha,01-Dec-25,0118509,01,5,196791949434,CASH,------,420,--------
020965018-Kai Lalsingrao Shinde Gr.Big.Sheti Sah.Pat.Ltd. Br. Medha,01-Dec-25,0118510,01,5,196810122899,CASH,------,180,--------
020965018-Kai Lalsingrao Shinde Gr.Big.Sheti Sah.Pat.Ltd. Br. Medha,01-Dec-25,0118511,01,5,196620000908,CASH,------,180,--------
020965018-Kai Lalsingrao Shinde Gr.Big.Sheti Sah.Pat.Ltd. Br. Medha,01-Dec-25,0118512,01,5,195740001227,CASH,------,380,--------
020965018-Kai Lalsingrao Shinde Gr.Big.Sheti Sah.Pat.Ltd. Br. Medha,01-Dec-25,0118513,01,5,195511905139,CASH,------,270,--------
020965018-Kai Lalsingrao Shinde Gr.Big.Sheti Sah.Pat.Ltd. Br. Medha,01-Dec-25,0118514,01,5,196811941052,CASH,------,320,--------
020965018-Kai Lalsingrao Shinde Gr.Big.Sheti Sah.Pat.Ltd. Br. Medha,01-Dec-25,0118515,01,5,195320053558,CASH,------,330,--------
020965018-Kai Lalsingrao Shinde Gr.Big.Sheti Sah.Pat.Ltd. Br. Medha,01-Dec-25,0118516,01,6,196711993811,CASH,------,1510,--------
020965018-Kai Lalsingrao Shinde Gr.Big.Sheti Sah.Pat.Ltd. Br. Medha,01-Dec-25,0118517,01,5,195790083585,CASH,------,220,--------
020965018-Kai Lalsingrao Shinde Gr.Big.Sheti Sah.Pat.Ltd. Br. Medha,01-Dec-25,0118518,01,5,195790083453,CASH,------,170,--------
020965018-Kai Lalsingrao Shinde Gr.Big.Sheti Sah.Pat.Ltd. Br. Medha,01-Dec-25,0118519,01,5,195790083691,CASH,------,450,--------
020965018-Kai Lalsingrao Shinde Gr.Big.Sheti Sah.Pat.Ltd. Br. Medha,01-Dec-25,0118520,01,5,195791906887,CASH,------,530,--------
020965018-Kai Lalsingrao Shinde Gr.Big.Sheti Sah.Pat.Ltd. Br. Medha,01-Dec-25,0118521,01,5,195790083518,CASH,------,240,--------
020965018-Kai Lalsingrao Shinde Gr.Big.Sheti Sah.Pat.Ltd. Br. Medha,01-Dec-25,0118522,01,5,195790000817,CASH,------,340,--------
020965018-Kai Lalsingrao Shinde Gr.Big.Sheti Sah.Pat.Ltd. Br. Medha,01-Dec-25,0118523,01,5,195790083623,CASH,------,270,--------
020965018-Kai Lalsingrao Shinde Gr.Big.Sheti Sah.Pat.Ltd. Br. Medha,01-Dec-25,0118524,01,5,195791935551,CASH,------,550,--------
020965018-Kai Lalsingrao Shinde Gr.Big.Sheti Sah.Pat.Ltd. Br. Medha,01-Dec-25,0118525,01,5,195741903305,CASH,------,200,--------
020965018-Kai Lalsingrao Shinde Gr.Big.Sheti Sah.Pat.Ltd. Br. Medha,01-Dec-25,0118526,01,1,195940094327,CASH,------,360,--------
020965018-Kai Lalsingrao Shinde Gr.Big.Sheti Sah.Pat.Ltd. Br. Medha,01-Dec-25,0118527,01,1,195941978377,CASH,------,230,--------
020965018-Kai Lalsingrao Shinde Gr.Big.Sheti Sah.Pat.Ltd. Br. Medha,01-Dec-25,0118528,01,8,195261946331,CASH,------,250,--------
020965018-Kai Lalsingrao Shinde Gr.Big.Sheti Sah.Pat.Ltd. Br. Medha,01-Dec-25,0118529,01,5,195460000951,CASH,------,380,--------
020965018-Kai Lalsingrao Shinde Gr.Big.Sheti Sah.Pat.Ltd. Br. Medha,01-Dec-25,0118530,01,5,196930128301,CASH,------,320,--------
020965018-Kai Lalsingrao Shinde Gr.Big.Sheti Sah.Pat.Ltd. Br. Medha,01-Dec-25,0118531,01,8,195520067294,CASH,------,460,--------
020965018-Kai Lalsingrao Shinde Gr.Big.Sheti Sah.Pat.Ltd. Br. Medha,01-Dec-25,0118532,01,1,195601961917,CASH,------,330,--------
020965018-Kai Lalsingrao Shinde Gr.Big.Sheti Sah.Pat.Ltd. Br. Medha,01-Dec-25,0118533,01,5,196231900651,CASH,------,130,--------
020965018-Kai Lalsingrao Shinde Gr.Big.Sheti Sah.Pat.Ltd. Br. Medha,01-Dec-25,0118534,01,5,195671930105,CASH,------,280,--------
020965018-Kai Lalsingrao Shinde Gr.Big.Sheti Sah.Pat.Ltd. Br. Medha,01-Dec-25,0118535,01,5,195671953636,CASH,------,400,--------
020965018-Kai Lalsingrao Shinde Gr.Big.Sheti Sah.Pat.Ltd. Br. Medha,01-Dec-25,0118536,01,5,196231900669,CASH,------,330,--------
020965018-Kai Lalsingrao Shinde Gr.Big.Sheti Sah.Pat.Ltd. Br. Medha,01-Dec-25,0118537,01,5,196231901711,CASH,------,210,--------
020965018-Kai Lalsingrao Shinde Gr.Big.Sheti Sah.Pat.Ltd. Br. Medha,01-Dec-25,0118538,01,5,195321913984,CASH,------,400,--------
020965018-Kai Lalsingrao Shinde Gr.Big.Sheti Sah.Pat.Ltd. Br. Medha,01-Dec-25,0118539,01,5,196461922181,CASH,------,490,--------
020965018-Kai Lalsingrao Shinde Gr.Big.Sheti Sah.Pat.Ltd. Br. Medha,01-Dec-25,0118540,01,5,195670000813,CASH,------,340,--------
020965018-Kai Lalsingrao Shinde Gr.Big.Sheti Sah.Pat.Ltd. Br. Medha,01-Dec-25,0118541,01,5,195530001283,CASH,------,350,--------
020965018-Kai Lalsingrao Shinde Gr.Big.Sheti Sah.Pat.Ltd. Br. Medha,01-Dec-25,0118542,01,5,195290051652,CASH,------,280,--------
020965018-Kai Lalsingrao Shinde Gr.Big.Sheti Sah.Pat.Ltd. Br. Medha,01-Dec-25,0118543,01,5,196801952811,CASH,------,240,--------
020965018-Kai Lalsingrao Shinde Gr.Big.Sheti Sah.Pat.Ltd. Br. Medha,01-Dec-25,0118544,01,5,196801926641,CASH,------,460,--------
020965018-Kai Lalsingrao Shinde Gr.Big.Sheti Sah.Pat.Ltd. Br. Medha,01-Dec-25,0118545,01,5,196230001911,CASH,------,240,--------
020965018-Kai Lalsingrao Shinde Gr.Big.Sheti Sah.Pat.Ltd. Br. Medha,01-Dec-25,0118546,01,5,195670077191,CASH,------,350,--------
020965018-Kai Lalsingrao Shinde Gr.Big.Sheti Sah.Pat.Ltd. Br. Medha,01-Dec-25,0118547,01,5,195670000635,CASH,------,310,--------
020965018-Kai Lalsingrao Shinde Gr.Big.Sheti Sah.Pat.Ltd. Br. Medha,01-Dec-25,0118548,01,5,195671940411,CASH,------,310,--------
020965018-Kai Lalsingrao Shinde Gr.Big.Sheti Sah.Pat.Ltd. Br. Medha,01-Dec-25,0118549,01,5,195011913798,CASH,------,750,--------
020965018-Kai Lalsingrao Shinde Gr.Big.Sheti Sah.Pat.Ltd. Br. Medha,01-Dec-25,0118550,01,5,196801951513,CASH,------,730,--------
020965018-Kai Lalsingrao Shinde Gr.Big.Sheti Sah.Pat.Ltd. Br. Medha,01-Dec-25,0118551,01,5,195751941850,CASH,------,390,--------
020965018-Kai Lalsingrao Shinde Gr.Big.Sheti Sah.Pat.Ltd. Br. Medha,01-Dec-25,0118552,01,5,195690077952,CASH,------,240,--------
020965018-Kai Lalsingrao Shinde Gr.Big.Sheti Sah.Pat.Ltd. Br. Medha,01-Dec-25,0118553,01,5,195811921608,CASH,------,130,--------
020965018-Kai Lalsingrao Shinde Gr.Big.Sheti Sah.Pat.Ltd. Br. Medha,01-Dec-25,0118554,01,5,195321928108,CASH,------,500,--------
020965018-Kai Lalsingrao Shinde Gr.Big.Sheti Sah.Pat.Ltd. Br. Medha,01-Dec-25,0118555,01,5,195570071454,CASH,------,320,--------
020965018-Kai Lalsingrao Shinde Gr.Big.Sheti Sah.Pat.Ltd. Br. Medha,01-Dec-25,0118556,01,5,195740080828,CASH,------,300,--------
020965018-Kai Lalsingrao Shinde Gr.Big.Sheti Sah.Pat.Ltd. Br. Medha,01-Dec-25,0118557,01,5,195681945062,CASH,------,310,--------
020965018-Kai Lalsingrao Shinde Gr.Big.Sheti Sah.Pat.Ltd. Br. Medha,01-Dec-25,0118558,01,5,196231900138,CASH,------,590,--------
020965018-Kai Lalsingrao Shinde Gr.Big.Sheti Sah.Pat.Ltd. Br. Medha,01-Dec-25,0118559,01,5,195480001155,CASH,------,490,--------
020965018-Kai Lalsingrao Shinde Gr.Big.Sheti Sah.Pat.Ltd. Br. Medha,01-Dec-25,0118560,01,5,195670000937,CASH,------,280,--------
020965019-SHRI DATTATRAY MAHARAJ KALAMBE SAH. PAT. LTD.DAPAWADI,01-Dec-25,0084079,01,2,195900091104,CASH,------,670,--------
020965019-SHRI DATTATRAY MAHARAJ KALAMBE SAH. PAT. LTD.DAPAWADI,01-Dec-25,0084080,01,2,195900091660,CASH,------,510,--------
020965019-SHRI DATTATRAY MAHARAJ KALAMBE SAH. PAT. LTD.DAPAWADI,01-Dec-25,0084081,01,2,196210001125,CASH,------,2670,--------
020965019-SHRI DATTATRAY MAHARAJ KALAMBE SAH. PAT. LTD.DAPAWADI,01-Dec-25,0084082,01,2,195900092071,CASH,------,270,--------
020965019-SHRI DATTATRAY MAHARAJ KALAMBE SAH. PAT. LTD.DAPAWADI,01-Dec-25,0084083,01,2,195700078723,CASH,------,340,--------
020965019-SHRI DATTATRAY MAHARAJ KALAMBE SAH. PAT. LTD.DAPAWADI,01-Dec-25,0084084,01,2,195191961230,CASH,------,960,--------
020965019-SHRI DATTATRAY MAHARAJ KALAMBE SAH. PAT. LTD.DAPAWADI,01-Dec-25,0084085,01,2,196100101108,CASH,------,170,--------
020965019-SHRI DATTATRAY MAHARAJ KALAMBE SAH. PAT. LTD.DAPAWADI,01-Dec-25,0084086,01,2,195541959675,CASH,------,190,--------
020965019-SHRI DATTATRAY MAHARAJ KALAMBE SAH. PAT. LTD.DAPAWADI,01-Dec-25,0084087,01,2,195540069218,CASH,------,220,--------
020965019-SHRI DATTATRAY MAHARAJ KALAMBE SAH. PAT. LTD.DAPAWADI,01-Dec-25,0084088,01,2,195841954276,CASH,------,1830,--------
020965019-SHRI DATTATRAY MAHARAJ KALAMBE SAH. PAT. LTD.DAPAWADI,01-Dec-25,0084089,01,2,195231948525,CASH,------,590,--------
020965019-SHRI DATTATRAY MAHARAJ KALAMBE SAH. PAT. LTD.DAPAWADI,01-Dec-25,0084090,01,2,195770000870,CASH,------,430,--------
020965019-SHRI DATTATRAY MAHARAJ KALAMBE SAH. PAT. LTD.DAPAWADI,01-Dec-25,0084091,01,8,195110000044,CASH,------,210,--------
020965019-SHRI DATTATRAY MAHARAJ KALAMBE SAH. PAT. LTD.DAPAWADI,01-Dec-25,0084092,01,2,195331961502,CASH,------,870,--------
020965019-SHRI DATTATRAY MAHARAJ KALAMBE SAH. PAT. LTD.DAPAWADI,01-Dec-25,0084093,01,2,195840002042,CASH,------,660,--------
020965019-SHRI DATTATRAY MAHARAJ KALAMBE SAH. PAT. LTD.DAPAWADI,01-Dec-25,0084094,01,2,195841950505,CASH,------,650,--------
020965019-SHRI DATTATRAY MAHARAJ KALAMBE SAH. PAT. LTD.DAPAWADI,01-Dec-25,0084095,01,2,195900091155,CASH,------,530,--------
020965019-SHRI DATTATRAY MAHARAJ KALAMBE SAH. PAT. LTD.DAPAWADI,01-Dec-25,0084096,01,2,195231951909,CASH,------,870,--------
020965019-SHRI DATTATRAY MAHARAJ KALAMBE SAH. PAT. LTD.DAPAWADI,01-Dec-25,0084097,01,2,195900091210,CASH,------,210,--------
020965019-SHRI DATTATRAY MAHARAJ KALAMBE SAH. PAT. LTD.DAPAWADI,01-Dec-25,0084098,01,2,195901940911,CASH,------,160,--------
020965019-SHRI DATTATRAY MAHARAJ KALAMBE SAH. PAT. LTD.DAPAWADI,01-Dec-25,0084099,01,2,195901942931,CASH,------,390,--------
020965019-SHRI DATTATRAY MAHARAJ KALAMBE SAH. PAT. LTD.DAPAWADI,01-Dec-25,0084100,01,2,195841953172,CASH,------,450,--------
020965019-SHRI DATTATRAY MAHARAJ KALAMBE SAH. PAT. LTD.DAPAWADI,01-Dec-25,0084101,01,2,195850086058,CASH,------,260,--------
020965019-SHRI DATTATRAY MAHARAJ KALAMBE SAH. PAT. LTD.DAPAWADI,01-Dec-25,0084102,01,2,195900091350,CASH,------,340,--------
020965019-SHRI DATTATRAY MAHARAJ KALAMBE SAH. PAT. LTD.DAPAWADI,01-Dec-25,0084103,01,2,194320058821,CASH,------,220,--------
020965019-SHRI DATTATRAY MAHARAJ KALAMBE SAH. PAT. LTD.DAPAWADI,01-Dec-25,0084104,01,2,194320058626,CASH,------,170,--------
020965019-SHRI DATTATRAY MAHARAJ KALAMBE SAH. PAT. LTD.DAPAWADI,01-Dec-25,0084105,01,2,194320060701,CASH,------,440,--------
020965019-SHRI DATTATRAY MAHARAJ KALAMBE SAH. PAT. LTD.DAPAWADI,01-Dec-25,0084106,01,2,194562023843,CASH,------,270,--------
020965019-SHRI DATTATRAY MAHARAJ KALAMBE SAH. PAT. LTD.DAPAWADI,01-Dec-25,0084107,01,6,194342083489,CASH,------,810,--------
020965019-SHRI DATTATRAY MAHARAJ KALAMBE SAH. PAT. LTD.DAPAWADI,01-Dec-25,0084108,01,6,194340002783,CASH,------,1070,--------
020965019-SHRI DATTATRAY MAHARAJ KALAMBE SAH. PAT. LTD.DAPAWADI,01-Dec-25,0084109,01,6,194340077457,CASH,------,1630,--------
020965019-SHRI DATTATRAY MAHARAJ KALAMBE SAH. PAT. LTD.DAPAWADI,01-Dec-25,0084110,01,2,194732117350,CASH,------,510,--------
020965019-SHRI DATTATRAY MAHARAJ KALAMBE SAH. PAT. LTD.DAPAWADI,01-Dec-25,0084111,01,2,194732116370,CASH,------,1550,--------
020965019-SHRI DATTATRAY MAHARAJ KALAMBE SAH. PAT. LTD.DAPAWADI,01-Dec-25,0084112,01,6,194340116681,CASH,------,2630,--------
020965019-SHRI DATTATRAY MAHARAJ KALAMBE SAH. PAT. LTD.DAPAWADI,01-Dec-25,0084113,01,6,194340085905,CASH,------,4540,--------
020965019-SHRI DATTATRAY MAHARAJ KALAMBE SAH. PAT. LTD.DAPAWADI,01-Dec-25,0084114,01,6,194340116347,CASH,------,1940,--------
020965019-SHRI DATTATRAY MAHARAJ KALAMBE SAH. PAT. LTD.DAPAWADI,01-Dec-25,0084115,01,6,194348086439,CASH,------,1110,--------
020965019-SHRI DATTATRAY MAHARAJ KALAMBE SAH. PAT. LTD.DAPAWADI,01-Dec-25,0084116,01,2,196100100934,CASH,------,490,--------
020965019-SHRI DATTATRAY MAHARAJ KALAMBE SAH. PAT. LTD.DAPAWADI,01-Dec-25,0084117,01,2,196761950039,CASH,------,490,--------
020965019-SHRI DATTATRAY MAHARAJ KALAMBE SAH. PAT. LTD.DAPAWADI,01-Dec-25,0084118,01,2,196760001394,CASH,------,260,--------
020965019-SHRI DATTATRAY MAHARAJ KALAMBE SAH. PAT. LTD.DAPAWADI,01-Dec-25,0084119,01,2,196511950548,CASH,------,740,--------
020965019-SHRI DATTATRAY MAHARAJ KALAMBE SAH. PAT. LTD.DAPAWADI,01-Dec-25,0084120,01,2,195920093502,CASH,------,470,--------
020965019-SHRI DATTATRAY MAHARAJ KALAMBE SAH. PAT. LTD.DAPAWADI,01-Dec-25,0084121,01,2,195920000814,CASH,------,1380,--------
020965019-SHRI DATTATRAY MAHARAJ KALAMBE SAH. PAT. LTD.DAPAWADI,01-Dec-25,0084122,01,2,196100000689,CASH,------,760,--------
020965019-SHRI DATTATRAY MAHARAJ KALAMBE SAH. PAT. LTD.DAPAWADI,01-Dec-25,0084123,01,2,196100100594,CASH,------,530,--------
020965019-SHRI DATTATRAY MAHARAJ KALAMBE SAH. PAT. LTD.DAPAWADI,01-Dec-25,0084124,01,2,196100100853,CASH,------,430,--------
020965019-SHRI DATTATRAY MAHARAJ KALAMBE SAH. PAT. LTD.DAPAWADI,01-Dec-25,0084125,01,2,196290000655,CASH,------,130,--------
020965019-SHRI DATTATRAY MAHARAJ KALAMBE SAH. PAT. LTD.DAPAWADI,01-Dec-25,0084126,01,2,195920093511,CASH,------,310,--------
020965019-SHRI DATTATRAY MAHARAJ KALAMBE SAH. PAT. LTD.DAPAWADI,01-Dec-25,0084127,01,2,195921951910,CASH,------,250,--------
020965019-SHRI DATTATRAY MAHARAJ KALAMBE SAH. PAT. LTD.DAPAWADI,01-Dec-25,0084128,01,2,196211958661,CASH,------,250,--------
020965019-SHRI DATTATRAY MAHARAJ KALAMBE SAH. PAT. LTD.DAPAWADI,01-Dec-25,0084129,01,2,195900001806,CASH,------,320,--------
020965019-SHRI DATTATRAY MAHARAJ KALAMBE SAH. PAT. LTD.DAPAWADI,01-Dec-25,0084130,01,2,195920093359,CASH,------,380,--------
020965019-SHRI DATTATRAY MAHARAJ KALAMBE SAH. PAT. LTD.DAPAWADI,01-Dec-25,0084131,01,2,195921951936,CASH,------,130,--------
"020965021-KAI.LALSINGRAO BAPUSO SHINDE SAH.PAT.LTD.,KUDAL, BR.KARAHAR",01-Dec-25,0017378,01,2,195850000978,CASH,------,770,--------
"020965021-KAI.LALSINGRAO BAPUSO SHINDE SAH.PAT.LTD.,KUDAL, BR.KARAHAR",01-Dec-25,0017379,01,2,196760000975,CASH,------,1020,--------
"020965021-KAI.LALSINGRAO BAPUSO SHINDE SAH.PAT.LTD.,KUDAL, BR.KARAHAR",01-Dec-25,0017380,01,2,195860001531,CASH,------,810,--------
"020965021-KAI.LALSINGRAO BAPUSO SHINDE SAH.PAT.LTD.,KUDAL, BR.KARAHAR",01-Dec-25,0017381,01,2,195861943874,CASH,------,1300,--------
"020965021-KAI.LALSINGRAO BAPUSO SHINDE SAH.PAT.LTD.,KUDAL, BR.KARAHAR",01-Dec-25,0017382,01,2,195860000062,CASH,------,260,--------
"020965021-KAI.LALSINGRAO BAPUSO SHINDE SAH.PAT.LTD.,KUDAL, BR.KARAHAR",01-Dec-25,0017383,01,2,195861952008,CASH,------,690,--------
"020965021-KAI.LALSINGRAO BAPUSO SHINDE SAH.PAT.LTD.,KUDAL, BR.KARAHAR",01-Dec-25,0017384,01,2,195861947748,CASH,------,1020,--------
"020965021-KAI.LALSINGRAO BAPUSO SHINDE SAH.PAT.LTD.,KUDAL, BR.KARAHAR",01-Dec-25,0017385,01,2,195861960647,CASH,------,1090,--------
"020965021-KAI.LALSINGRAO BAPUSO SHINDE SAH.PAT.LTD.,KUDAL, BR.KARAHAR",01-Dec-25,0017385,05,2,195861960647,CASH,------,500,--------
"020965021-KAI.LALSINGRAO BAPUSO SHINDE SAH.PAT.LTD.,KUDAL, BR.KARAHAR",01-Dec-25,0017386,01,2,195860087826,CASH,------,220,--------
"020965021-KAI.LALSINGRAO BAPUSO SHINDE SAH.PAT.LTD.,KUDAL, BR.KARAHAR",01-Dec-25,0017387,01,2,195860002359,CASH,------,920,--------
"020965021-KAI.LALSINGRAO BAPUSO SHINDE SAH.PAT.LTD.,KUDAL, BR.KARAHAR",01-Dec-25,0017388,01,2,195901948777,CASH,------,320,--------
"020965021-KAI.LALSINGRAO BAPUSO SHINDE SAH.PAT.LTD.,KUDAL, BR.KARAHAR",01-Dec-25,0017389,01,2,195861960051,CASH,------,1100,--------
"020965021-KAI.LALSINGRAO BAPUSO SHINDE SAH.PAT.LTD.,KUDAL, BR.KARAHAR",01-Dec-25,0017390,01,2,195861948345,CASH,------,1190,--------
030965002-Medha,01-Dec-25,0017761,01,5,188421950686,CASH,------,240,--------
030965002-Medha,01-Dec-25,0017762,01,6,195160000037,CASH,------,260,--------
030965002-Medha,01-Dec-25,0017763,01,6,195101998784,CASH,------,370,--------
030965002-Medha,01-Dec-25,0017764,01,5,195790000680,CASH,------,210,--------
030965002-Medha,01-Dec-25,0017765,01,5,195201908481,CASH,------,160,--------
030965002-Medha,01-Dec-25,0017766,01,5,195011914891,CASH,------,300,--------
030965002-Medha,01-Dec-25,0017767,01,5,195241944579,CASH,------,440,--------
030965002-Medha,01-Dec-25,0017768,01,8,195260048622,CASH,------,430,--------
030965002-Medha,01-Dec-25,0017769,01,5,195241906651,CASH,------,440,--------
030965002-Medha,01-Dec-25,0017770,01,5,195791942263,CASH,------,130,--------
030965002-Medha,01-Dec-25,0017771,01,5,195740080887,CASH,------,130,--------
030965002-Medha,01-Dec-25,0017772,01,5,195011989069,CASH,------,760,--------
030965002-Medha,01-Dec-25,0017773,01,8,195260048738,CASH,------,360,--------
030965002-Medha,01-Dec-25,0017774,01,5,196350110650,CASH,------,380,--------
030965002-Medha,01-Dec-25,0017775,01,5,196351928630,CASH,------,480,--------
030965002-Medha,01-Dec-25,0017776,01,5,195970095191,CASH,------,160,--------
030965002-Medha,01-Dec-25,0017777,01,5,195010053647,CASH,------,2250,--------
030965002-Medha,01-Dec-25,0017778,01,5,195290051601,CASH,------,570,--------
030965002-Medha,01-Dec-25,0017779,01,5,196230105636,CASH,------,300,--------
030965002-Medha,01-Dec-25,0017780,01,5,195240002103,CASH,------,160,--------
030965002-Medha,01-Dec-25,0017781,01,5,195240046267,CASH,------,340,--------
030965002-Medha,01-Dec-25,0017782,01,5,195480001848,CHEQUE,941423,2590,--------
030965003-Karahar,01-Dec-25,0009999,01,2,195591960836,CASH,------,290,--------
030965003-Karahar,01-Dec-25,0010000,01,2,195861946521,CASH,------,1950,--------
030965005-Tapola,01-Dec-25,0048331,01,6,196600000677,CASH,------,550,--------
030965005-Tapola,01-Dec-25,0048332,01,6,195370057767,CASH,------,4210,--------
030965005-Tapola,01-Dec-25,0048333,01,6,196560000628,CASH,------,220,--------
030965005-Tapola,01-Dec-25,0048334,01,6,195391986946,CASH,------,550,--------
030965006-Anewadi,01-Dec-25,0054092,01,1,195020012655,CASH,------,1520,--------
030965006-Anewadi,01-Dec-25,0054093,01,1,196820001381,CASH,------,530,--------
030965006-Anewadi,01-Dec-25,0054094,01,1,196821969800,CASH,------,400,--------
030965006-Anewadi,01-Dec-25,0054095,01,1,196821982202,CASH,------,130,--------
030965006-Anewadi,01-Dec-25,0054096,01,1,196821981460,CASH,------,710,--------
030965006-Anewadi,01-Dec-25,0054097,01,1,195031975820,CASH,------,590,--------
030965006-Anewadi,01-Dec-25,0054098,01,1,196820123591,CASH,------,600,--------
030965006-Anewadi,01-Dec-25,0054099,01,1,195030015121,CASH,------,390,--------
030965006-Anewadi,01-Dec-25,0054100,01,1,196820000716,CASH,------,520,--------
030965006-Anewadi,01-Dec-25,0054101,01,1,195030015237,CASH,------,660,--------
030965006-Anewadi,01-Dec-25,0054102,01,1,195030015342,CASH,------,460,--------
030965006-Anewadi,01-Dec-25,0054103,01,1,196820001542,CASH,------,960,--------
030965006-Anewadi,01-Dec-25,0054104,01,1,195031963171,CASH,------,570,--------
030965006-Anewadi,01-Dec-25,0054105,01,1,196820001194,CASH,------,350,--------
030965006-Anewadi,01-Dec-25,0054106,01,1,190430003279,CASH,------,590,--------
030965006-Anewadi,01-Dec-25,0054107,01,1,195020012728,CASH,------,1530,--------
030965006-Anewadi,01-Dec-25,0054108,01,1,190430006537,CASH,------,1620,--------
030965006-Anewadi,01-Dec-25,0054109,01,1,195031969862,CASH,------,630,--------
030965006-Anewadi,01-Dec-25,0054110,01,1,195030003107,CASH,------,220,--------
030965006-Anewadi,01-Dec-25,0054111,01,1,190430002108,CASH,------,1020,--------
030965006-Anewadi,01-Dec-25,0054112,01,1,190431966127,CASH,------,630,--------
030965006-Anewadi,01-Dec-25,0054113,01,1,190431969355,CASH,------,2740,--------
030965006-Anewadi,01-Dec-25,0054113,05,1,190431969355,CASH,------,630,--------
030965006-Anewadi,01-Dec-25,0054114,01,1,190430004551,CASH,------,360,--------
030965006-Anewadi,01-Dec-25,0054115,01,1,195081971591,CASH,------,1710,--------
030965006-Anewadi,01-Dec-25,0054116,01,1,190430003368,CASH,------,1010,--------
030965006-Anewadi,01-Dec-25,0054117,01,1,195020013678,CASH,------,570,--------
030965006-Anewadi,01-Dec-25,0054118,01,1,195031961322,CASH,------,320,--------
030965009-Bhanang,01-Dec-25,0017845,01,5,196041916542,CASH,------,290,--------
030965009-Bhanang,01-Dec-25,0017846,01,5,195620074662,CASH,------,130,--------
030965009-Bhanang,01-Dec-25,0017847,01,5,196930001254,CASH,------,400,--------
030965009-Bhanang,01-Dec-25,0017848,01,5,195620002106,CASH,------,430,--------
030965009-Bhanang,01-Dec-25,0017849,01,5,195620075189,CASH,------,280,--------
030965009-Bhanang,01-Dec-25,0017850,01,5,196930002218,CASH,------,180,--------
030965009-Bhanang,01-Dec-25,0017851,01,5,195621941254,CASH,------,570,--------
030965009-Bhanang,01-Dec-25,0017852,01,5,195620074832,CASH,------,310,--------
030965009-Bhanang,01-Dec-25,0017853,01,5,195620001282,CASH,------,270,--------
030965010-Saygaon,01-Dec-25,0036863,01,1,195061968372,CASH,------,530,--------
030965010-Saygaon,01-Dec-25,0036864,01,1,195070002146,CASH,------,700,--------
030965010-Saygaon,01-Dec-25,0036865,01,1,195060000846,CASH,------,550,--------
030965010-Saygaon,01-Dec-25,0036866,01,1,196841963859,CASH,------,830,--------
030965010-Saygaon,01-Dec-25,0036867,01,1,195070028056,CASH,------,1020,--------
030965010-Saygaon,01-Dec-25,0036868,01,1,196840123962,CASH,------,710,--------
030965010-Saygaon,01-Dec-25,0036869,01,1,195081968468,CASH,------,670,--------
030965010-Saygaon,01-Dec-25,0036870,01,1,195060027116,CASH,------,440,--------
030965010-Saygaon,01-Dec-25,0036871,01,1,195080001661,CASH,------,2130,--------
030965010-Saygaon,01-Dec-25,0036872,01,1,195601960406,CASH,------,350,--------
030965010-Saygaon,01-Dec-25,0036873,01,1,195600073309,CASH,------,350,--------
030965010-Saygaon,01-Dec-25,0036874,01,1,195070001701,CASH,------,1750,--------
030965010-Saygaon,01-Dec-25,0036875,01,1,195080030245,CASH,------,260,--------
030965010-Saygaon,01-Dec-25,0036876,01,1,195070001557,CASH,------,720,--------
030965010-Saygaon,01-Dec-25,0036877,01,1,195071970651,CASH,------,670,--------
030965010-Saygaon,01-Dec-25,0036878,01,1,195071966513,CASH,------,700,--------
030965010-Saygaon,01-Dec-25,0036879,01,1,195060001869,CASH,------,1220,--------
030965010-Saygaon,01-Dec-25,0036880,01,1,195081975324,CASH,------,540,--------
030965010-Saygaon,01-Dec-25,0036881,01,1,195071960337,CASH,------,200,--------
030965010-Saygaon,01-Dec-25,0036882,01,1,195060001010,CASH,------,760,--------
030965010-Saygaon,01-Dec-25,0036883,01,1,195081968905,CASH,------,2980,--------
030965010-Saygaon,01-Dec-25,0036884,01,1,195070029320,CASH,------,550,--------
030965010-Saygaon,01-Dec-25,0036885,05,1,195071978040,CASH,------,620,--------
030965010-Saygaon,01-Dec-25,0036885,01,1,195071978040,CASH,------,1010,--------
030965010-Saygaon,01-Dec-25,0036886,01,1,195071978147,CASH,------,730,--------
030965010-Saygaon,01-Dec-25,0036887,01,1,195070028714,CASH,------,860,--------
030965010-Saygaon,01-Dec-25,0036888,01,1,195060002636,CASH,------,930,--------
030965010-Saygaon,01-Dec-25,0036889,01,1,195060026373,CASH,------,200,--------
030965011-Ganje,01-Dec-25,0001205,01,5,195470000797,CASH,------,580,--------
030965011-Ganje,01-Dec-25,0001206,01,5,195470001742,CASH,------,350,--------
030965011-Ganje,01-Dec-25,0001207,01,5,195470001670,CASH,------,240,--------
030965011-Ganje,01-Dec-25,0001208,01,5,195470062555,CASH,------,400,--------
030965011-Ganje,01-Dec-25,0001209,01,5,196610000730,CASH,------,160,--------
030965011-Ganje,01-Dec-25,0001210,01,5,195471943431,CASH,------,930,--------
030965011-Ganje,01-Dec-25,0001211,01,5,195470062202,CASH,------,260,--------
030965011-Ganje,01-Dec-25,0001212,01,5,195470063161,CASH,------,620,--------
030965011-Ganje,01-Dec-25,0001213,01,5,195470063110,CASH,------,310,--------
030965011-Ganje,01-Dec-25,0001214,01,5,195470062865,CASH,------,530,--------
030965011-Ganje,01-Dec-25,0001215,01,5,196611952653,CASH,------,60,--------
030965015-Gogave,01-Dec-25,0024018,01,6,195641996098,CASH,------,240,--------
030965015-Gogave,01-Dec-25,0024019,01,6,195660076625,CASH,------,170,--------
030965015-Gogave,01-Dec-25,0024020,01,6,195412002771,CASH,------,440,--------
030965015-Gogave,01-Dec-25,0024021,01,6,195661985203,CASH,------,360,--------
030965015-Gogave,01-Dec-25,0024022,01,6,195411994754,CASH,------,200,--------
030965015-Gogave,01-Dec-25,0024023,01,6,196160102855,CASH,------,680,--------
030965015-Gogave,01-Dec-25,0024024,01,6,196380111341,CASH,------,200,--------
030965015-Gogave,01-Dec-25,0024025,01,6,195411995955,CASH,------,270,--------
030965015-Gogave,01-Dec-25,0024026,01,6,195410001221,CASH,------,330,--------
030965015-Gogave,01-Dec-25,0024027,01,6,195661990053,CASH,------,240,--------
030965015-Gogave,01-Dec-25,0024028,01,6,195410001344,CASH,------,230,--------
030965015-Gogave,01-Dec-25,0024029,01,6,195410001298,CASH,------,210,--------
030965015-Gogave,01-Dec-25,0024030,01,6,195661993346,CASH,------,180,--------
030965015-Gogave,01-Dec-25,0024031,01,6,195641980558,CASH,------,540,--------
030965015-Gogave,01-Dec-25,0024032,01,6,195641987161,CASH,------,130,--------
030965015-Gogave,01-Dec-25,0024033,01,6,195640076050,CASH,------,410,--------
030965015-Gogave,01-Dec-25,0024034,01,6,195640000908,CASH,------,2570,--------
030965015-Gogave,01-Dec-25,0024035,01,6,195410058851,CASH,------,180,--------
030965015-Gogave,01-Dec-25,0024036,01,6,195401994446,CASH,------,260,--------
030965015-Gogave,01-Dec-25,0024037,01,6,195410058877,CASH,------,980,--------
030965015-Gogave,01-Dec-25,0024038,05,6,195401983631,CASH,------,670,--------
030965015-Gogave,01-Dec-25,0024038,01,6,195401983631,CASH,------,1020,--------
030965015-Gogave,01-Dec-25,0024039,01,6,195410001409,CASH,------,600,--------
030965015-Gogave,01-Dec-25,0024040,01,6,195412002852,CASH,------,220,--------
030965015-Gogave,01-Dec-25,0024041,01,6,195660076536,CASH,------,320,--------
030965015-Gogave,01-Dec-25,0024042,01,6,195410000780,CASH,------,230,--------
030965016-Kedambe,01-Dec-25,0008825,01,5,195971909108,CASH,------,240,--------
030965016-Kedambe,01-Dec-25,0008826,01,5,195970095379,CASH,------,220,--------
030965016-Kedambe,01-Dec-25,0008827,01,5,195971905471,CASH,------,450,--------
030965016-Kedambe,01-Dec-25,0008828,01,5,195970001340,CASH,------,310,--------
030965016-Kedambe,01-Dec-25,0008829,01,5,195970095301,CASH,------,190,--------
030965016-Kedambe,01-Dec-25,0008830,01,5,195971900984,CASH,------,130,--------
030965016-Kedambe,01-Dec-25,0008831,01,5,195970001935,CASH,------,200,--------
030965016-Kedambe,01-Dec-25,0008832,01,5,195971915787,CASH,------,230,--------
030965016-Kedambe,01-Dec-25,0008833,01,5,196150102377,CASH,------,510,--------
030965016-Kedambe,01-Dec-25,0008834,01,5,195970001811,CASH,------,500,--------
180965002-Riya Computer,01-Dec-25,0002646,01,1,193012939267,CASH,------,350,--------
180965002-Riya Computer,01-Dec-25,0002647,01,1,193018816027,CASH,------,1330,--------
180965002-Riya Computer,01-Dec-25,0002648,01,2,193011933940,CASH,------,2450,--------
180965002-Riya Computer,01-Dec-25,0001075,01,5,190560739331,CASH,------,1960,--------
180965002-Riya Computer,01-Dec-25,0001076,01,5,190561363122,CASH,------,430,--------
180965002-Riya Computer,01-Dec-25,0001077,01,5,191960041933,CASH,------,660,--------
